[{"title":"Macbook Pro 2","price":"280000","thumbnail":"https://www.iconfinder.com/icons/976607/appliances_computer_laptop_notebook_portable_computer_icon","id":1},{"title":"Macbook Pro 2","price":"280000","thumbnail":"https://www.iconfinder.com/icons/976607/appliances_computer_laptop_notebook_portable_computer_icon","id":2},{"title":"Macbook Pro 2","price":"280000","thumbnail":"https://www.iconfinder.com/icons/976607/appliances_computer_laptop_notebook_portable_computer_icon","id":3},{"title":"Macbook Pro 2","price":"280000","thumbnail":"https://www.iconfinder.com/icons/976607/appliances_computer_laptop_notebook_portable_computer_icon","id":4},{"title":"Pendrive 16GB","price":"1540","thumbnail":"https://cdn0.iconfinder.com/data/icons/icons-unleashed-vol1/256/-usb.png","id":5}]